2025-11-27_16-18-17,---,draft.py:2025-11-27_16-18-17
2025-11-28_15-35-51,---,draft.py:2025-11-28_15-35-51
2025-11-28_15-44-17,---,draft.py:2025-11-28_15-44-17
2025-11-28_15-49-10,0,draft.py:2025-11-28_15-49-10
2025-11-30_17-17-50,---,draft.py:2025-11-30_17-17-50
2025-11-30_17-19-47,---,draft.py:2025-11-30_17-19-47
2025-11-30_20-52-19,---,draft.py:2025-11-30_20-52-19
2025-11-30_20-55-10,---,draft.py:2025-11-30_20-55-10
2025-11-30_21-03-52,---,draft.py:2025-11-30_21-03-52
2025-12-02_18-12-40,0,draft.py:2025-12-02_18-12-40
2025-12-02_18-30-00,0,draft.py:2025-12-02_18-30-00
2025-12-02_18-38-01,0,draft.py:2025-12-02_18-30-00
2025-12-03_01-39-20,0,draft.py:2025-12-02_18-30-00
2025-12-03_01-46-01,0,draft.py:2025-12-02_18-30-00
2025-12-03_16-35-46,0,draft.py:2025-12-03_16-35-46
2025-12-03_16-35-52,---,draft.py:2025-12-03_16-35-46
2025-12-03_16-38-18,0,draft.py:2025-12-03_16-38-18
2025-12-03_16-49-56,0,draft.py:2025-12-03_16-49-56
2025-12-03_16-52-32,0,draft.py:2025-12-03_16-52-32
2025-12-03_16-53-43,0,draft.py:2025-12-03_16-53-43
2025-12-03_16-54-15,0,draft.py:2025-12-03_16-54-15
2025-12-03_16-54-31,0,draft.py:2025-12-03_16-54-31
2025-12-03_16-54-44,0,draft.py:2025-12-03_16-54-44
2025-12-03_16-55-01,0,draft.py:2025-12-03_16-54-44
2025-12-03_16-55-07,0,draft.py:2025-12-03_16-55-07
2025-12-03_16-55-47,0,draft.py:2025-12-03_16-55-07
2025-12-03_16-56-29,0,draft.py:2025-12-03_16-56-29
2025-12-03_16-58-05,0,draft.py:2025-12-03_16-58-05
2025-12-03_17-03-03,0,draft.py:2025-12-03_16-58-05
2025-12-03_17-04-00,0,draft.py:2025-12-03_17-04-00
2025-12-03_17-04-08,0,draft.py:2025-12-03_17-04-08
2025-12-03_17-04-12,0,draft.py:2025-12-03_17-04-08
2025-12-03_17-07-54,25,draft.py:2025-12-03_17-07-54
2025-12-03_17-08-41,25,draft.py:2025-12-03_17-08-41
2025-12-03_17-10-12,100,draft.py:2025-12-03_17-10-12
2025-12-03_17-10-21,100,draft.py:2025-12-03_17-10-12
2025-12-03_17-10-39,100,draft.py:2025-12-03_17-10-12
2025-12-03_17-10-44,0,draft.py:2025-12-03_17-10-44
2025-12-03_19-03-47,100,draft.py:2025-12-03_19-03-47
